{"cameraMode":{"drawMode":0,"name":"Shaded","section":"Shading Mode"},"sceneLighting":false,"audioPlay":false,"sceneViewState":{"showFog":false,"showMaterialUpdate":false,"showSkybox":false,"showFlares":false,"showImageEffects":false,"showParticleSystems":false},"in2DMode":false,"pivot":{"x":0.47999998927116396,"y":-0.3200000524520874,"z":0.0},"rotation":{"x":-0.13191191852092744,"y":0.013969547115266323,"z":-0.0018589973915368319,"w":-0.9911612868309021},"size":26.868061065673829,"orthographic":false}